Kevin Greenan <kmgreen2@gmail.com> <kmg@box.com>
Kevin Greenan <kmgreen2@gmail.com> <kmgreen@ubuntu.(none)>
Kevin Greenan <kmgreen2@gmail.com> <kmgreen@Kevins-MacBook-Air-6.local>
Tushar Gohad <tushar.gohad@intel.com> <tusharsg@gmail.com>
Tushar Gohad <tushar.gohad@intel.com> <Tushar Gohad>
Eric Lambert <eric_lambert@xyratex.com> <eric.lambert@seagate.com>
Kota Tsuyuzaki <bloodeagle40234@gmail.com> <tsuyuzaki.kota@lab.ntt.co.jp>
Kota Tsuyuzaki <bloodeagle40234@gmail.com> <bloodeagle40123@gmail.com>
